{
    "x_n_mean": 0.4902658817228019,
    "x_n_std": 0.15103694286952607,
    "y_n_mean": 0.3187808452581892,
    "y_n_std": 0.09779989523494788,
    "w_n_mean": 0.10951910627653316,
    "w_n_std": 0.08092836099605324,
    "h_n_mean": 0.23112868072513645,
    "h_n_std": 0.1561298038017687,
    "bbox_area_n_mean": 0.035221871477096746,
    "bbox_area_n_std": 0.04609633594417708,
    "vx_n_mean": 5.090184005931961e-06,
    "vx_n_std": 0.007877164979836012,
    "vy_n_mean": -0.00018365862177309038,
    "vy_n_std": 0.008507613847601358,
    "ax_n_mean": -1.3237244897959075e-05,
    "ax_n_std": 0.007010268121537642,
    "ay_n_mean": 4.8872695587364504e-05,
    "ay_n_std": 0.011217742175321226,
    "speed_mean": 0.008017375860956433,
    "speed_std": 0.008377334470270746,
    "theta_mean": 0.038795881824098224,
    "theta_std": 1.7568168863760487,
    "dtheta_mean": 0.0035049157815712725,
    "dtheta_std": 2.3979500263427105,
    "scale_mean": 0.035221871477096746,
    "scale_std": 0.04609633594417708,
    "dscale_mean": 0.018297186555421487,
    "dscale_std": 0.15610268936048766,
    "aspect_mean": 1.0958877082331258,
    "aspect_std": 0.34564142475171444,
    "daspect_mean": -5.126188232781706e-05,
    "daspect_std": 0.09472336268700976,
    "border_dist_mean": 0.30053375668349686,
    "border_dist_std": 0.08290120573758793
}