{
    "x_n_mean": 0.5049904323787948,
    "x_n_std": 0.1489439459796957,
    "y_n_mean": 0.32499360258452825,
    "y_n_std": 0.0966699110431895,
    "w_n_mean": 0.1130113158350759,
    "w_n_std": 0.08200333062364308,
    "h_n_mean": 0.2332645484875642,
    "h_n_std": 0.15911354437074807,
    "bbox_area_n_mean": 0.03667761874473016,
    "bbox_area_n_std": 0.04649278826657381,
    "vx_n_mean": 0.000437176705777568,
    "vx_n_std": 0.00784794520988468,
    "vy_n_mean": -9.009564745972681e-05,
    "vy_n_std": 0.008291303819939257,
    "ax_n_mean": 8.807615977385556e-06,
    "ax_n_std": 0.00696433965902484,
    "ay_n_mean": 5.274736125862938e-05,
    "ay_n_std": 0.010791683656778295,
    "speed_mean": 0.007807443699703726,
    "speed_std": 0.008340981213938408,
    "theta_mean": 0.04766785698518707,
    "theta_std": 1.7163058621263714,
    "dtheta_mean": 0.004756438610038049,
    "dtheta_std": 2.333172780715251,
    "scale_mean": 0.03667761874473016,
    "scale_std": 0.04649278826657381,
    "dscale_mean": 0.01891854522993479,
    "dscale_std": 0.1584503684998462,
    "aspect_mean": 1.1484083841757249,
    "aspect_std": 0.38578890500032875,
    "daspect_mean": -0.00046849928962520727,
    "daspect_std": 0.09689200858027314,
    "border_dist_mean": 0.3090378512480085,
    "border_dist_std": 0.08515802805148824
}