{
    "x_n_mean": 0.4772329348934314,
    "x_n_std": 0.18756462078986513,
    "y_n_mean": 0.3041158143582345,
    "y_n_std": 0.11191639304110257,
    "w_n_mean": 0.08535138209191981,
    "w_n_std": 0.08282913419363448,
    "h_n_mean": 0.18351697610215062,
    "h_n_std": 0.16742037685737643,
    "bbox_area_n_mean": 0.027331633677565963,
    "bbox_area_n_std": 0.04681048648207793,
    "vx_n_mean": 0.0007757248821708599,
    "vx_n_std": 0.008477339738122546,
    "vy_n_mean": 1.3502166631503638e-05,
    "vy_n_std": 0.008065304529352703,
    "ax_n_mean": 5.089689455141209e-06,
    "ax_n_std": 0.0069256735989485394,
    "ay_n_mean": 6.032292163227549e-05,
    "ay_n_std": 0.00983919953034605,
    "speed_mean": 0.00788277087345728,
    "speed_std": 0.008681993767797202,
    "theta_mean": 0.1458238073749202,
    "theta_std": 1.6694693932848572,
    "dtheta_mean": 0.005088352650626991,
    "dtheta_std": 2.142779528085102,
    "scale_mean": 0.027331633677565963,
    "scale_std": 0.04681048648207793,
    "dscale_mean": 0.021987351787635556,
    "dscale_std": 0.13657106248177717,
    "aspect_mean": 1.0686592812854285,
    "aspect_std": 0.44630459067754125,
    "daspect_mean": -0.0005280807874608034,
    "daspect_std": 0.0911188866952685,
    "border_dist_mean": 0.27890627495115,
    "border_dist_std": 0.09098618763666722
}