{
    "xc_mean": 633.9270697152,
    "xc_std": 299.3364436624641,
    "yc_mean": 198.62734419298823,
    "yc_std": 91.79847817749322,
    "h_mean": 100.15971158108476,
    "h_std": 86.48075436666643,
    "w_mean": 125.82081648791579,
    "w_std": 218.182123110131,
    "x_1_mean": 571.0089312993753,
    "x_1_std": 317.2397415742056,
    "y_1_mean": 148.53975823060495,
    "y_1_std": 83.70404018120905,
    "x_2_mean": 696.8452081309376,
    "x_2_std": 319.9426912896564,
    "y_2_mean": 248.71493015538908,
    "y_2_std": 116.55667689827818,
    "xc_speed_mean": -0.37607328684400265,
    "xc_speed_std": 40.271124311356445,
    "yc_speed_mean": 0.8929568678863543,
    "yc_speed_std": 16.132098320428664
}