{
    "x_n_mean": 0.4757732046292641,
    "x_n_std": 0.17574780218893982,
    "y_n_mean": 0.30190413353901446,
    "y_n_std": 0.10283603923073194,
    "w_n_mean": 0.11227873677998369,
    "w_n_std": 0.12121826508341953,
    "h_n_mean": 0.19355671898731341,
    "h_n_std": 0.1640530570894348,
    "bbox_area_n_mean": 0.03581321698793694,
    "bbox_area_n_std": 0.06423923453195175,
    "vx_n_mean": 0.000234365023531754,
    "vx_n_std": 0.01267215681169514,
    "vy_n_mean": 0.0005668449810190972,
    "vy_n_std": 0.010080485545074163,
    "ax_n_mean": 2.595382161602688e-06,
    "ax_n_std": 0.015463966976233296,
    "ay_n_mean": 9.70474439061724e-05,
    "ay_n_std": 0.013563637366950404,
    "speed_mean": 0.008942837179230547,
    "speed_std": 0.013512981155690688,
    "theta_mean": 0.1652760913838216,
    "theta_std": 1.74496498873272,
    "dtheta_mean": 0.005390321106656662,
    "dtheta_std": 2.3844665710225263,
    "scale_mean": 0.03581321698793694,
    "scale_std": 0.06423923453195175,
    "dscale_mean": 0.032333409299787765,
    "dscale_std": 0.18504152443496705,
    "aspect_mean": 1.1841644022831903,
    "aspect_std": 0.6124301984076577,
    "daspect_mean": -0.0008622426282268612,
    "daspect_std": 0.14100994829032573,
    "border_dist_mean": 0.2796809920469625,
    "border_dist_std": 0.08381939812216717
}