{
    "x_n_mean": 0.5019225462494986,
    "x_n_std": 0.15317849580755716,
    "y_n_mean": 0.3197288121597616,
    "y_n_std": 0.0971678421831485,
    "w_n_mean": 0.102779158804653,
    "w_n_std": 0.06834449987825465,
    "h_n_mean": 0.2261527592573491,
    "h_n_std": 0.1455159371412047,
    "bbox_area_n_mean": 0.03069637182305726,
    "bbox_area_n_std": 0.03714987310089084,
    "vx_n_mean": 0.00052972730645808,
    "vx_n_std": 0.008219775229049901,
    "vy_n_mean": 6.348472866885076e-06,
    "vy_n_std": 0.009014651692151064,
    "ax_n_mean": 5.1292719614928965e-06,
    "ax_n_std": 0.007551592770983338,
    "ay_n_mean": 6.721452065784138e-05,
    "ay_n_std": 0.011710220916854207,
    "speed_mean": 0.008317074417340491,
    "speed_std": 0.008939742146720591,
    "theta_mean": 0.03018676067070446,
    "theta_std": 1.691486547943845,
    "dtheta_mean": 0.0049403577894197095,
    "dtheta_std": 2.349779916511868,
    "scale_mean": 0.03069637182305726,
    "scale_std": 0.03714987310089084,
    "dscale_mean": 0.019394098902319273,
    "dscale_std": 0.1581235356960616,
    "aspect_mean": 1.115843317372118,
    "aspect_std": 0.3877743809082129,
    "daspect_mean": -0.00033283351985855284,
    "daspect_std": 0.09568315079531128,
    "border_dist_mean": 0.30211173887570913,
    "border_dist_std": 0.08292854369814864
}