{
    "x_n_mean": 0.4874492970536452,
    "x_n_std": 0.19604287519863922,
    "y_n_mean": 0.297978523808425,
    "y_n_std": 0.10974365744885052,
    "w_n_mean": 0.07251599565017829,
    "w_n_std": 0.07469013943035226,
    "h_n_mean": 0.15289448132196942,
    "h_n_std": 0.14653212345520153,
    "bbox_area_n_mean": 0.020313210946903804,
    "bbox_area_n_std": 0.03774287013015457,
    "vx_n_mean": 0.00041489520796480996,
    "vx_n_std": 0.008105582787610593,
    "vy_n_mean": 0.00048658764745805437,
    "vy_n_std": 0.007336284261268905,
    "ax_n_mean": 3.2885998531884936e-06,
    "ax_n_std": 0.006391255607356656,
    "ay_n_mean": 7.489693638883634e-05,
    "ay_n_std": 0.008909430831884514,
    "speed_mean": 0.007297177680107611,
    "speed_std": 0.008165748450849272,
    "theta_mean": 0.20124901307664472,
    "theta_std": 1.697583071050273,
    "dtheta_mean": 0.0073714018806314875,
    "dtheta_std": 2.1362842506340844,
    "scale_mean": 0.020313210946903804,
    "scale_std": 0.03774287013015457,
    "dscale_mean": 0.02546248631852423,
    "dscale_std": 0.13071890112652365,
    "aspect_mean": 1.0470232941365376,
    "aspect_std": 0.47843072493041294,
    "daspect_mean": -0.0012695500561309364,
    "daspect_std": 0.08369941267275535,
    "border_dist_mean": 0.27150226170737113,
    "border_dist_std": 0.08593536192877795
}