{
    "x_n_mean": 0.47845593576558487,
    "x_n_std": 0.18741835901487075,
    "y_n_mean": 0.3029562482005528,
    "y_n_std": 0.1116710262635953,
    "w_n_mean": 0.08431129645039635,
    "w_n_std": 0.08226725694084344,
    "h_n_mean": 0.18050641310817833,
    "h_n_std": 0.1663702313566305,
    "bbox_area_n_mean": 0.026743944220603562,
    "bbox_area_n_std": 0.04642144116151304,
    "vx_n_mean": 0.0007874324652121947,
    "vx_n_std": 0.008410504736469327,
    "vy_n_mean": 1.4599332356261062e-05,
    "vy_n_std": 0.007914505511289345,
    "ax_n_mean": 7.795727951587412e-06,
    "ax_n_std": 0.0068788721560554544,
    "ay_n_mean": 6.043517631550264e-05,
    "ay_n_std": 0.009651347381629347,
    "speed_mean": 0.007765693462241722,
    "speed_std": 0.008584232871277037,
    "theta_mean": 0.14535689465824222,
    "theta_std": 1.6700300452178398,
    "dtheta_mean": 0.005970083891567748,
    "dtheta_std": 2.1340244574714045,
    "scale_mean": 0.026743944220603562,
    "scale_std": 0.04642144116151304,
    "dscale_mean": 0.021839525267573344,
    "dscale_std": 0.13573845715045793,
    "aspect_mean": 1.0804654527971471,
    "aspect_std": 0.4630697670054995,
    "daspect_mean": -0.000644873103953042,
    "daspect_std": 0.09012599197255129,
    "border_dist_mean": 0.27761525467496484,
    "border_dist_std": 0.08977428440548468
}