{
    "x_n_mean": 0.4759966211876886,
    "x_n_std": 0.17448709244012386,
    "y_n_mean": 0.3023669235264684,
    "y_n_std": 0.10297353517536409,
    "w_n_mean": 0.11484792635793667,
    "w_n_std": 0.12198095021452028,
    "h_n_mean": 0.19736550298956299,
    "h_n_std": 0.1642202599898887,
    "bbox_area_n_mean": 0.03676852205128208,
    "bbox_area_n_std": 0.06492834865012528,
    "vx_n_mean": 0.0001238107465362239,
    "vx_n_std": 0.012692788495885362,
    "vy_n_mean": 0.0005380302605227509,
    "vy_n_std": 0.010155991848052196,
    "ax_n_mean": -4.119984120039415e-06,
    "ax_n_std": 0.015632913868055924,
    "ay_n_mean": 9.70700387745199e-05,
    "ay_n_std": 0.013714827136515846,
    "speed_mean": 0.008962673414188946,
    "speed_std": 0.013572962645769885,
    "theta_mean": 0.15488706865552512,
    "theta_std": 1.7530607662980768,
    "dtheta_mean": 0.005194187038203714,
    "dtheta_std": 2.401809446607829,
    "scale_mean": 0.03676852205128208,
    "scale_std": 0.06492834865012528,
    "dscale_mean": 0.031825551022764575,
    "dscale_std": 0.18698890869734827,
    "aspect_mean": 1.1899230061049098,
    "aspect_std": 0.61327187350307,
    "daspect_mean": -0.000997121737864101,
    "daspect_std": 0.14207778664892678,
    "border_dist_mean": 0.2799854965873982,
    "border_dist_std": 0.08359881349693618
}