{
    "x_n_mean": 0.4770279666583537,
    "x_n_std": 0.18259230794986547,
    "y_n_mean": 0.3068276060278277,
    "y_n_std": 0.11006766080680926,
    "w_n_mean": 0.08966558393364425,
    "w_n_std": 0.08390315472040634,
    "h_n_mean": 0.19237067305934485,
    "h_n_std": 0.1694584890172573,
    "bbox_area_n_mean": 0.029142245694311283,
    "bbox_area_n_std": 0.048022155881365935,
    "vx_n_mean": 0.0008616972431474034,
    "vx_n_std": 0.00841021307747543,
    "vy_n_mean": -0.0001223345180234912,
    "vy_n_std": 0.008108559157416173,
    "ax_n_mean": 8.274540123204245e-06,
    "ax_n_std": 0.006962938529197504,
    "ay_n_mean": 5.049287964570399e-05,
    "ay_n_std": 0.010034324127400452,
    "speed_mean": 0.007879840860557168,
    "speed_std": 0.008668601628123497,
    "theta_mean": 0.1213416171360423,
    "theta_std": 1.6633547072110986,
    "dtheta_mean": 0.0046923953491536125,
    "dtheta_std": 2.1640654173805074,
    "scale_mean": 0.029142245694311283,
    "scale_std": 0.048022155881365935,
    "dscale_mean": 0.02098665162049642,
    "dscale_std": 0.13931014394367092,
    "aspect_mean": 1.0845486072135688,
    "aspect_std": 0.44673977797592884,
    "daspect_mean": -0.00019422247558523441,
    "daspect_std": 0.09346521483222707,
    "border_dist_mean": 0.28304975838175783,
    "border_dist_std": 0.08995481900576993
}