{
    "x_n_mean": 0.47750379347968563,
    "x_n_std": 0.1807477296687033,
    "y_n_mean": 0.3079411496827521,
    "y_n_std": 0.11063750946519199,
    "w_n_mean": 0.09309897597645901,
    "w_n_std": 0.08449794337790736,
    "h_n_mean": 0.19924012837693938,
    "h_n_std": 0.17003211281834363,
    "bbox_area_n_mean": 0.03051449041848702,
    "bbox_area_n_std": 0.048872736890305794,
    "vx_n_mean": 0.0006949304974931653,
    "vx_n_std": 0.008183231965267391,
    "vy_n_mean": -0.00021272282716504285,
    "vy_n_std": 0.008151802181362588,
    "ax_n_mean": -3.6397310795965702e-06,
    "ax_n_std": 0.006896131197254928,
    "ay_n_mean": 4.7972169728963144e-05,
    "ay_n_std": 0.010179071560002221,
    "speed_mean": 0.007857461482057857,
    "speed_std": 0.008497306250592033,
    "theta_mean": 0.10000846684494653,
    "theta_std": 1.6736119503232927,
    "dtheta_mean": 0.004296884368140867,
    "dtheta_std": 2.18612579573801,
    "scale_mean": 0.03051449041848702,
    "scale_std": 0.048872736890305794,
    "dscale_mean": 0.01943758467093201,
    "dscale_std": 0.14099698405799999,
    "aspect_mean": 1.089551649099488,
    "aspect_std": 0.43974481654969555,
    "daspect_mean": -0.00040303887139406507,
    "daspect_std": 0.09312869245161165,
    "border_dist_mean": 0.2837895550019715,
    "border_dist_std": 0.0898808287623841
}